{"cameraMode":{"drawMode":0,"name":"Shaded","section":"Shading Mode"},"sceneLighting":true,"audioPlay":false,"sceneViewState":{"showFog":true,"showMaterialUpdate":false,"showSkybox":true,"showFlares":true,"showImageEffects":true,"showParticleSystems":true},"in2DMode":false,"pivot":{"x":13.852503776550293,"y":-5.338619232177734,"z":19.17148780822754},"rotation":{"x":-0.18320554494857789,"y":-0.2796489894390106,"z":0.054452113807201388,"w":-0.9408863186836243},"size":28.447187423706056,"orthographic":false}