{"cameraMode":{"drawMode":0,"name":"Shaded","section":"Shading Mode"},"sceneLighting":true,"audioPlay":false,"sceneViewState":{"showFog":true,"showMaterialUpdate":false,"showSkybox":true,"showFlares":true,"showImageEffects":true,"showParticleSystems":true},"in2DMode":false,"pivot":{"x":3.179037094116211,"y":6.383745193481445,"z":-8.57486343383789},"rotation":{"x":-0.18402965366840363,"y":-0.7102023363113403,"z":0.20138710737228394,"w":-0.6489905118942261},"size":40.177711486816409,"orthographic":false}